{"@module":"pymatgen.core.structure","@class":"Structure","charge":0,"lattice":{"matrix":[[5.610526,-1.267158,0.0],[5.610526,1.267158,0.0],[5.324333,0.0,2.176043]],"pbc":[true,true,true],"a":5.7518424347021195,"b":5.7518424347021195,"c":5.751841881757356,"alpha":25.453865848232944,"beta":25.453865848232944,"gamma":25.45386182340574,"volume":30.940819893399855},"properties":{},"sites":[{"species":[{"element":"Cu","occu":1}],"abc":[0.0,0.0,0.0],"properties":{"magmom":0.0},"label":"Cu","xyz":[0.0,0.0,0.0]},{"species":[{"element":"B","occu":1}],"abc":[0.5,0.5,0.5],"properties":{"magmom":-0.0},"label":"B","xyz":[8.2726925,0.0,1.0880215]},{"species":[{"element":"O","occu":1}],"abc":[0.885678,0.885678,0.885678],"properties":{"magmom":-0.0},"label":"O","xyz":[14.65388349603,9.039711434866149e-17,1.9272734121539998]},{"species":[{"element":"O","occu":1}],"abc":[0.114322,0.114322,0.114322],"properties":{"magmom":-0.0},"label":"O","xyz":[1.8915015039699998,-4.375285799440576e-18,0.24876958784599998]}]}