{"@module":"pymatgen.core.structure","@class":"Structure","charge":0.0,"lattice":{"matrix":[[1.6439836300000001,-2.847462939999999,0.0],[1.6439836300000001,2.847462939999999,-0.0],[0.0,-0.0,7.13044135]],"pbc":[true,true,true],"a":3.287967057374726,"b":3.287967057374726,"c":7.13044135,"alpha":90.0,"beta":90.0,"gamma":119.99999592283615,"volume":66.75779396494302},"properties":{},"sites":[{"species":[{"element":"Zn","occu":1}],"abc":[0.0,0.0,0.44336633000000003],"properties":{"magmom":0.0},"label":"Zn","xyz":[0.0,0.0,3.1613976126297456]},{"species":[{"element":"Zn","occu":1}],"abc":[0.0,0.0,0.94336633],"properties":{"magmom":-0.0},"label":"Zn","xyz":[0.0,0.0,6.726618287629746]},{"species":[{"element":"O","occu":1}],"abc":[0.666667,0.333333,0.9438336700000001],"properties":{"magmom":0.0},"label":"O","xyz":[1.6439836300000001,-0.9491562116419597,6.729950628090255]},{"species":[{"element":"O","occu":1}],"abc":[0.333333,0.666667,0.44383367],"properties":{"magmom":0.0},"label":"O","xyz":[1.6439836300000001,0.9491562116419596,3.1647299530902546]}]}