{"@module":"pymatgen.core.structure","@class":"Structure","charge":0,"lattice":{"matrix":[[2.180578,-3.776872,0.0],[2.180578,3.776872,0.0],[0.0,0.0,6.605576]],"pbc":[true,true,true],"a":4.361156098842141,"b":4.361156098842141,"c":6.605576,"alpha":90.0,"beta":90.0,"gamma":120.00000149945181,"volume":108.80392993465017},"properties":{},"sites":[{"species":[{"element":"Ba","occu":1}],"abc":[0.333333,0.666667,0.989969],"properties":{"magmom":0.0},"label":"Ba","xyz":[2.180578,1.258959851248,6.539315467144]},{"species":[{"element":"Ba","occu":1}],"abc":[0.666667,0.333333,0.489969],"properties":{"magmom":0.0},"label":"Ba","xyz":[2.180578,-1.258959851248,3.236527467144]},{"species":[{"element":"O","occu":1}],"abc":[0.333333,0.666667,0.385030999999999],"properties":{"magmom":-0.0},"label":"O","xyz":[2.180578,1.258959851248,2.5433515328559935]},{"species":[{"element":"O","occu":1}],"abc":[0.666667,0.333333,0.885031],"properties":{"magmom":-0.0},"label":"O","xyz":[2.180578,-1.258959851248,5.846139532856]}]}