{"@module":"pymatgen.core.structure","@class":"Structure","charge":0,"lattice":{"matrix":[[1.602609,-2.7758000000000003,0.0],[1.602609,2.7758000000000003,0.0],[0.0,0.0,5.516927]],"pbc":[true,true,true],"a":3.205217815824847,"b":3.205217815824847,"c":5.516927,"alpha":90.0,"beta":90.0,"gamma":119.99999619840807,"volume":49.08434295009372},"properties":{},"sites":[{"species":[{"element":"Zn","occu":1}],"abc":[0.0,0.0,0.501143],"properties":{"magmom":-0.0},"label":"Zn","xyz":[0.0,0.0,2.764769347561]},{"species":[{"element":"Zn","occu":1}],"abc":[0.0,0.0,0.001143],"properties":{"magmom":-0.0},"label":"Zn","xyz":[0.0,0.0,0.006305847561]},{"species":[{"element":"O","occu":1}],"abc":[0.666667,0.333333,0.886057],"properties":{"magmom":-0.0},"label":"O","xyz":[1.602609,-0.9252685172000001,4.888311786839]},{"species":[{"element":"O","occu":1}],"abc":[0.333333,0.666667,0.386057],"properties":{"magmom":-0.0},"label":"O","xyz":[1.602609,0.9252685172000001,2.129848286839]}]}