{"@module":"pymatgen.core.structure","@class":"Structure","charge":0,"lattice":{"matrix":[[4.759217,0.0,0.0],[0.0,4.759217,0.0],[0.0,0.0,3.951357]],"pbc":[true,true,true],"a":4.759217,"b":4.759217,"c":3.951357,"alpha":90.0,"beta":90.0,"gamma":90.0,"volume":89.49881473843837},"properties":{},"sites":[{"species":[{"element":"Ba","occu":1}],"abc":[0.0,0.5,0.27246000000000004],"properties":{"magmom":-0.0},"label":"Ba","xyz":[0.0,2.3796085,1.0765867282200001]},{"species":[{"element":"Ba","occu":1}],"abc":[0.5,0.0,0.7275400000000001],"properties":{"magmom":-0.0},"label":"Ba","xyz":[2.3796085,0.0,2.87477027178]},{"species":[{"element":"O","occu":1}],"abc":[0.5,0.5,0.0],"properties":{"magmom":0.0},"label":"O","xyz":[2.3796085,2.3796085,0.0]},{"species":[{"element":"O","occu":1}],"abc":[0.0,0.0,0.0],"properties":{"magmom":0.0},"label":"O","xyz":[0.0,0.0,0.0]}]}