{"@module":"pymatgen.core.structure","@class":"Structure","charge":0,"lattice":{"matrix":[[6.218916,-1.596193,0.0],[6.218916,1.596193,0.0],[5.809225,0.0,2.734163]],"pbc":[true,true,true],"a":6.42049439749814,"b":6.42049439749814,"c":6.420493938256931,"alpha":28.79043394985209,"beta":28.79043394985209,"gamma":28.790436150030207,"volume":54.28183120975768},"properties":{},"sites":[{"species":[{"element":"Sc","occu":1}],"abc":[0.002119,0.002119,0.002119],"properties":{"magmom":-0.0},"label":"Sc","xyz":[0.038665513783,-4.4836146767535107e-20,0.005793691397]},{"species":[{"element":"Ag","occu":1}],"abc":[0.841645,0.841645,0.841645],"properties":{"magmom":-0.0},"label":"Ag","xyz":[15.357544288764998,-1.0345918845189317e-16,2.3011946181350003]},{"species":[{"element":"O","occu":1}],"abc":[0.723376,0.723376,0.723376],"properties":{"magmom":-0.0},"label":"O","xyz":[13.199483104432002,6.275533121424814e-17,1.977827894288]},{"species":[{"element":"O","occu":1}],"abc":[0.27386000000000005,0.27386000000000005,0.27386000000000005],"properties":{"magmom":-0.0},"label":"O","xyz":[4.997139030020001,-1.0053331518378174e-17,0.7487778791800002]}]}