{"@module":"pymatgen.core.structure","@class":"Structure","charge":0,"lattice":{"matrix":[[3.453614,0.0,0.0],[-1.726807,2.990917,0.0],[0.0,0.0,15.8771]],"pbc":[true,true,true],"a":3.453614,"b":3.4536136026107496,"c":15.8771,"alpha":90.0,"beta":90.0,"gamma":120.00000380631198,"volume":164.00207297453372},"properties":{},"sites":[{"species":[{"element":"In","occu":1}],"abc":[0.666667,0.333333,0.590021],"properties":{"magmom":0.0},"label":"In","xyz":[1.726808726807,0.996971336361,9.367822419100001]},{"species":[{"element":"In","occu":1}],"abc":[0.666667,0.333333,0.409979],"properties":{"magmom":0.0},"label":"In","xyz":[1.726808726807,0.996971336361,6.5092775809]},{"species":[{"element":"O","occu":1}],"abc":[0.0,0.0,0.639867],"properties":{"magmom":-0.0},"label":"O","xyz":[0.0,0.0,10.1592323457]},{"species":[{"element":"O","occu":1}],"abc":[0.0,0.0,0.360133],"properties":{"magmom":-0.0},"label":"O","xyz":[0.0,0.0,5.7178676543]}]}