{"@module":"pymatgen.core.structure","@class":"Structure","charge":0,"lattice":{"matrix":[[6.537555,-1.8420800000000002,0.0],[6.537555,1.8420800000000002,0.0],[6.018514,0.0,3.148075]],"pbc":[true,true,true],"a":6.792119264590766,"b":6.792119264590766,"c":6.792119475820563,"alpha":31.47237998475481,"beta":31.47237998475481,"gamma":31.47237622140559,"volume":75.82264128835958},"properties":{},"sites":[{"species":[{"element":"Ag","occu":1}],"abc":[0.5,0.5,0.5],"properties":{"magmom":-0.0},"label":"Ag","xyz":[9.546812,0.0,1.5740375]},{"species":[{"element":"Bi","occu":1}],"abc":[0.0,0.0,0.0],"properties":{"magmom":0.0},"label":"Bi","xyz":[0.0,0.0,0.0]},{"species":[{"element":"O","occu":1}],"abc":[0.39199,0.39199,0.39199],"properties":{"magmom":-0.0},"label":"O","xyz":[7.484509671760001,2.750114731497888e-17,1.23401391925]},{"species":[{"element":"O","occu":1}],"abc":[0.60801,0.60801,0.60801],"properties":{"magmom":-0.0},"label":"O","xyz":[11.60911432824,-3.626746831741911e-17,1.91406108075]}]}