{"@module":"pymatgen.core.structure","@class":"Structure","charge":0,"lattice":{"matrix":[[3.049805,0.0,0.0],[0.0,3.158819,0.0],[0.0,0.0,5.346602]],"pbc":[true,true,true],"a":3.049805,"b":3.158819,"c":5.346602,"alpha":90.0,"beta":90.0,"gamma":90.0,"volume":51.507998003409206},"properties":{},"sites":[{"species":[{"element":"Li","occu":1}],"abc":[0.0,0.0,0.0],"properties":{"magmom":0.0},"label":"Li","xyz":[0.0,0.0,0.0]},{"species":[{"element":"Ag","occu":1}],"abc":[0.5,0.5,0.5],"properties":{"magmom":0.0},"label":"Ag","xyz":[1.5249025,1.5794095,2.673301]},{"species":[{"element":"O","occu":1}],"abc":[0.0,0.5,0.245258999999999],"properties":{"magmom":0.0},"label":"O","xyz":[0.0,1.5794095,1.3113022599179947]},{"species":[{"element":"O","occu":1}],"abc":[0.0,0.5,0.754741],"properties":{"magmom":0.0},"label":"O","xyz":[0.0,1.5794095,4.035299740081999]}]}