{"@module":"pymatgen.core.structure","@class":"Structure","charge":0,"lattice":{"matrix":[[6.59683,-1.69154,0.0],[6.59683,1.69154,0.0],[6.16309,0.0,2.897548999999999]],"pbc":[true,true,true],"a":6.810247691567466,"b":6.810247691567466,"c":6.810247319701466,"alpha":28.763522811096028,"beta":28.763522811096028,"gamma":28.763524729947225,"volume":64.66635009904716},"properties":{},"sites":[{"species":[{"element":"Tl","occu":1}],"abc":[0.0,0.0,0.0],"properties":{"magmom":-0.0},"label":"Tl","xyz":[0.0,0.0,0.0]},{"species":[{"element":"In","occu":1}],"abc":[0.5,0.5,0.5],"properties":{"magmom":0.0},"label":"In","xyz":[9.678374999999999,0.0,1.4487744999999994]},{"species":[{"element":"O","occu":1}],"abc":[0.22394000000000003,0.22394000000000003,0.22394000000000003],"properties":{"magmom":-0.0},"label":"O","xyz":[4.334750595000001,2.5286595928264445e-18,0.6488771230599998]},{"species":[{"element":"O","occu":1}],"abc":[0.7760600000000001,0.7760600000000001,0.7760600000000001],"properties":{"magmom":-0.0},"label":"O","xyz":[15.021999405000003,-3.677459901041402e-17,2.248671876939999]}]}