{"@module":"pymatgen.core.structure","@class":"Structure","charge":0,"lattice":{"matrix":[[-1.667634,1.667634,8.513492],[1.667634,-1.667634,8.513492],[1.667634,1.667634,-8.513492]],"pbc":[true,true,true],"a":8.834112991691695,"b":8.834112991691695,"c":8.834112991691695,"alpha":158.23773274279702,"beta":158.23773274279702,"gamma":30.967379894744738,"volume":94.70419254893257},"properties":{},"sites":[{"species":[{"element":"Ca","occu":1}],"abc":[0.320403,0.320403,0.0],"properties":{"magmom":0.0},"label":"Ca","xyz":[-6.823929197707912e-18,6.823929197707912e-18,5.455496754552]},{"species":[{"element":"Ca","occu":1}],"abc":[0.679597,0.679597,0.0],"properties":{"magmom":0.0},"label":"Ca","xyz":[-1.0419837326480774e-16,1.0419837326480774e-16,11.571487245448]},{"species":[{"element":"O","occu":1}],"abc":[0.181814,0.181814,0.0],"properties":{"magmom":-0.0},"label":"O","xyz":[-2.073420894888045e-17,2.073420894888045e-17,3.095744068976]},{"species":[{"element":"O","occu":1}],"abc":[0.818186,0.818186,0.0],"properties":{"magmom":-0.0},"label":"O","xyz":[-8.106308386857109e-17,8.106308386857109e-17,13.931239931023999]}]}