{"@module":"pymatgen.core.structure","@class":"Structure","charge":0,"lattice":{"matrix":[[6.251946,-1.504861,0.0],[6.251946,1.504861,0.0],[5.889722,0.0,2.581203]],"pbc":[true,true,true],"a":6.430508177137869,"b":6.430508177137869,"c":6.430508079809324,"alpha":27.06759778619998,"beta":27.06759778619998,"gamma":27.06760478575529,"volume":48.56951449421203},"properties":{},"sites":[{"species":[{"element":"Ga","occu":1}],"abc":[0.9979600000000001,0.9979600000000001,0.9979600000000001],"properties":{"magmom":-0.0},"label":"Ga","xyz":[18.35609102744,-2.0073752828864144e-17,2.57593734588]},{"species":[{"element":"Ag","occu":1}],"abc":[0.159892,0.159892,0.159892],"properties":{"magmom":0.0},"label":"Ag","xyz":[2.940991729688,-1.2511132341685993e-17,0.412713710076]},{"species":[{"element":"O","occu":1}],"abc":[0.27797,0.27797,0.27797],"properties":{"magmom":0.0},"label":"O","xyz":[5.112872883580001,2.4302252139563052e-17,0.71749699791]},{"species":[{"element":"O","occu":1}],"abc":[0.723177,0.723177,0.723177],"properties":{"magmom":0.0},"label":"O","xyz":[13.301838591677999,-9.019610278926393e-17,1.8666666419309998]}]}