{"@module":"pymatgen.core.structure","@class":"Structure","charge":0,"lattice":{"matrix":[[6.353477,-1.910581,0.0],[6.353477,1.910581,0.0],[5.778938,0.0,3.258968]],"pbc":[true,true,true],"a":6.634530107482368,"b":6.634530107482368,"c":6.634530641489871,"alpha":33.47356984240873,"beta":33.47356984240873,"gamma":33.47356153559046,"volume":79.12013295953679},"properties":{},"sites":[{"species":[{"element":"Ba","occu":1}],"abc":[0.0,0.0,0.0],"properties":{"magmom":-0.0},"label":"Ba","xyz":[0.0,0.0,0.0]},{"species":[{"element":"Sr","occu":1}],"abc":[0.5,0.5,0.5],"properties":{"magmom":-0.0},"label":"Sr","xyz":[9.242946,0.0,1.629484]},{"species":[{"element":"O","occu":1}],"abc":[0.244499,0.244499,0.244499],"properties":{"magmom":0.0},"label":"O","xyz":[4.519782108108,-8.168585546641794e-18,0.796814417032]},{"species":[{"element":"O","occu":1}],"abc":[0.755501,0.755501,0.755501],"properties":{"magmom":0.0},"label":"O","xyz":[13.966109891892,6.616161259387354e-17,2.462153582968]}]}