{"@module":"pymatgen.core.structure","@class":"Structure","charge":0,"lattice":{"matrix":[[0.387318,1.449922,-2.481291],[0.387318,-1.449922,-2.481291],[-5.040453,0.0,-2.481291]],"pbc":[true,true,true],"a":2.899843800257007,"b":2.899843800257007,"c":5.618093223851844,"alpha":75.04378762097645,"beta":75.04378762097645,"gamma":60.000004557104134,"volume":39.05474907467106},"properties":{},"sites":[{"species":[{"element":"Na","occu":1}],"abc":[0.0,0.0,0.0],"properties":{"magmom":-0.0},"label":"Na","xyz":[0.0,0.0,0.0]},{"species":[{"element":"Al","occu":1}],"abc":[0.5,0.5,0.5],"properties":{"magmom":0.0},"label":"Al","xyz":[-2.1329085,0.0,-3.7219365]},{"species":[{"element":"O","occu":1}],"abc":[0.770492,0.770492,0.688523999999999],"properties":{"magmom":-0.0},"label":"O","xyz":[-2.8736220204599956,-4.3497986212059917e-17,-5.532058134827998]},{"species":[{"element":"O","occu":1}],"abc":[0.229508,0.229508,0.311476],"properties":{"magmom":-0.0},"label":"O","xyz":[-1.39219497954,1.296252316507207e-17,-1.911814865172]}]}