{"@module":"pymatgen.core.structure","@class":"Structure","charge":0,"lattice":{"matrix":[[0.0,2.291416,2.291416],[2.291416,0.0,2.291416],[2.291416,2.291416,0.0]],"pbc":[true,true,true],"a":3.240551584238708,"b":3.240551584238708,"c":3.240551584238708,"alpha":60.00000000000001,"beta":60.00000000000001,"gamma":60.00000000000001,"volume":24.062559428747754},"properties":{},"sites":[{"species":[{"element":"Si","occu":1}],"abc":[0.0,0.0,0.0],"properties":{"magmom":0.0},"label":"Si","xyz":[0.0,0.0,0.0]},{"species":[{"element":"O","occu":1}],"abc":[0.25,0.25,0.25],"properties":{"magmom":-0.0},"label":"O","xyz":[1.145708,1.145708,1.145708]},{"species":[{"element":"O","occu":1}],"abc":[0.75,0.75,0.75],"properties":{"magmom":-0.0},"label":"O","xyz":[3.437124,3.437124,3.437124]}]}