{"@module":"pymatgen.core.structure","@class":"Structure","charge":0,"lattice":{"matrix":[[3.81866686,-2.6e-7,0.0],[-1.9093331500000001,3.30698554,0.0],[0.0,0.0,6.65419919]],"pbc":[true,true,true],"a":3.818666860000009,"b":3.818600062779292,"c":6.65419919,"alpha":90.0,"beta":90.0,"gamma":120.00057770192326,"volume":84.03106121319118},"properties":{},"sites":[{"species":[{"element":"Ba","occu":1}],"abc":[0.33331834,0.6666376900000001,0.25],"properties":{"magmom":-0.0},"label":"Ba","xyz":[-1.7417682112613473e-6,2.2045611145862343,1.6635497975]},{"species":[{"element":"Ba","occu":1}],"abc":[0.6666816600000001,0.33336231,0.75],"properties":{"magmom":-0.0},"label":"Ba","xyz":[1.9093354517682113,1.1024241654137656,4.9906493925]},{"species":[{"element":"O","occu":1}],"abc":[-0.0,-0.0,0.5],"properties":{"magmom":0.0},"label":"O","xyz":[0.0,0.0,3.327099595]},{"species":[{"element":"O","occu":1}],"abc":[-0.0,-0.0,0.0],"properties":{"magmom":0.0},"label":"O","xyz":[0.0,0.0,0.0]}]}