{"@module":"pymatgen.core.structure","@class":"Structure","charge":0,"lattice":{"matrix":[[2.415345,2.628238999999999,0.0],[-2.415345,2.628238999999999,0.0],[0.0,2.166049,3.812386]],"pbc":[true,true,true],"a":3.569528219547507,"b":3.569528219547507,"c":4.384752590899172,"alpha":68.67065243199569,"beta":68.67065243199569,"gamma":85.16586187913482,"volume":48.402845079148896},"properties":{},"sites":[{"species":[{"element":"Hg","occu":1}],"abc":[0.0,0.0,0.0],"properties":{"magmom":0.0},"label":"Hg","xyz":[0.0,0.0,0.0]},{"species":[{"element":"O","occu":1}],"abc":[0.463217,0.463217,0.685763],"properties":{"magmom":-0.0},"label":"O","xyz":[8.703860366665594e-17,3.920286230112999,2.6143932605180003]},{"species":[{"element":"O","occu":1}],"abc":[0.536783,0.536783,0.314237],"properties":{"magmom":-0.0},"label":"O","xyz":[-8.703860366665594e-17,3.502240769886999,1.197992739482]}]}