{"@module":"pymatgen.core.structure","@class":"Structure","charge":0,"lattice":{"matrix":[[4.12432639,0.0,0.0],[0.0,3.00267343,0.07366703000000001],[0.0,1.29275239,3.88574266]],"pbc":[true,true,true],"a":4.12432639,"b":3.0035769606482514,"c":4.095144046501245,"alpha":70.19276786847293,"beta":90.0,"gamma":90.0,"volume":47.728284651178505},"properties":{},"sites":[{"species":[{"element":"O","occu":1}],"abc":[0.3206052,0.323621799999999,0.34152598],"properties":{"magmom":0.0},"label":"O","xyz":[1.322280487131228,1.4132391071208634,1.3509223268335608]},{"species":[{"element":"O","occu":1}],"abc":[0.3206052,0.176378199999999,0.65847402],"properties":{"magmom":0.0},"label":"O","xyz":[1.322280487131228,1.3808499978791309,2.5716538481664393]},{"species":[{"element":"O","occu":1}],"abc":[0.6793948,0.676378199999999,0.65847402],"properties":{"magmom":0.0},"label":"O","xyz":[2.802045902868772,2.8821867128791308,2.608487363166439]},{"species":[{"element":"O","occu":1}],"abc":[0.6793948,0.8236218,0.34152598],"properties":{"magmom":0.0},"label":"O","xyz":[2.802045902868772,2.9145758221208666,1.387755841833561]}]}