{"@module":"pymatgen.core.structure","@class":"Structure","charge":0,"lattice":{"matrix":[[2.28737148,-3.96184492,0.0],[2.28737148,3.96184492,-0.0],[-0.0,0.0,5.61168345]],"pbc":[true,true,true],"a":4.574744086574373,"b":4.574744086574373,"c":5.61168345,"alpha":90.0,"beta":90.0,"gamma":120.00001629239931,"volume":101.70851985578085},"properties":{},"sites":[{"species":[{"element":"Ba","occu":1}],"abc":[0.333333,0.666667,0.937163899999999],"properties":{"magmom":0.0},"label":"Ba","xyz":[2.28737148,1.3206176145632802,5.25906714756745]},{"species":[{"element":"Ba","occu":1}],"abc":[0.666667,0.333333,0.4371639],"properties":{"magmom":0.0},"label":"Ba","xyz":[2.28737148,-1.32061761456328,2.453225422567455]},{"species":[{"element":"O","occu":1}],"abc":[0.333333,0.666667,0.4378361],"properties":{"magmom":-0.0},"label":"O","xyz":[2.28737148,1.3206176145632802,2.456997596182545]},{"species":[{"element":"O","occu":1}],"abc":[0.666667,0.333333,0.9378361],"properties":{"magmom":-0.0},"label":"O","xyz":[2.28737148,-1.32061761456328,5.262839321182545]}]}