{"@module":"pymatgen.core.structure","@class":"Structure","charge":0,"lattice":{"matrix":[[6.548498,-1.634234,0.0],[6.548498,1.634234,0.0],[6.140661,0.0,2.801041]],"pbc":[true,true,true],"a":6.749336769102577,"b":6.749336769102577,"c":6.749336871174974,"alpha":28.024875714738368,"beta":28.024875714738368,"gamma":28.024876731407133,"volume":59.95223835294287},"properties":{},"sites":[{"species":[{"element":"Sc","occu":1}],"abc":[0.5,0.5,0.5],"properties":{"magmom":-0.0},"label":"Sc","xyz":[9.6188285,0.0,1.4005205]},{"species":[{"element":"Tl","occu":1}],"abc":[0.0,0.0,0.0],"properties":{"magmom":-0.0},"label":"Tl","xyz":[0.0,0.0,0.0]},{"species":[{"element":"O","occu":1}],"abc":[0.221218,0.221218,0.221218],"properties":{"magmom":-0.0},"label":"O","xyz":[4.255716006226,-1.7631959881470038e-17,0.619640687938]},{"species":[{"element":"O","occu":1}],"abc":[0.778782,0.778782,0.778782],"properties":{"magmom":-0.0},"label":"O","xyz":[14.981940993774,-8.323829671041949e-17,2.181400312062]}]}