{"@module":"pymatgen.core.structure","@class":"Structure","charge":0,"lattice":{"matrix":[[-2.5160796100000002,-2.5160796100000002,0.0],[-2.5160796100000002,0.0,-2.5160796100000002],[0.0,-2.5160796100000002,-2.5160796100000002]],"pbc":[true,true,true],"a":3.558273908472408,"b":3.558273908472408,"c":3.558273908472408,"alpha":60.00000000000001,"beta":60.00000000000001,"gamma":60.00000000000001,"volume":31.856871997756684},"properties":{},"sites":[{"species":[{"element":"Hf","occu":1}],"abc":[-0.0,0.0,0.0],"properties":{"magmom":-0.0},"label":"Hf","xyz":[0.0,0.0,0.0]},{"species":[{"element":"O","occu":1}],"abc":[0.25,0.25,0.25],"properties":{"magmom":0.0},"label":"O","xyz":[-1.2580398050000001,-1.2580398050000001,-1.2580398050000001]},{"species":[{"element":"O","occu":1}],"abc":[0.75,0.75,0.75],"properties":{"magmom":0.0},"label":"O","xyz":[-3.7741194150000004,-3.7741194150000004,-3.7741194150000004]}]}