{"@module":"pymatgen.core.structure","@class":"Structure","charge":0,"lattice":{"matrix":[[-3.69716621,0.0,1.17703317],[-2.03594413,3.30293615,-1e-8],[-3.682072879999999,0.00930502,-5.17063573]],"pbc":[true,true,true],"a":3.880005807681995,"b":3.8800071793049917,"c":6.347694158462686,"alpha":72.20432776937936,"beta":72.20432843750784,"gamma":60.0000059928561,"volume":77.4336075800996},"properties":{},"sites":[{"species":[{"element":"La","occu":1}],"abc":[0.0,-0.0,0.0],"properties":{"magmom":0.0},"label":"La","xyz":[0.0,0.0,0.0]},{"species":[{"element":"Au","occu":1}],"abc":[0.5,0.5,0.5],"properties":{"magmom":0.0},"label":"Au","xyz":[-4.70759161,1.656120585,-1.9968012849999999]},{"species":[{"element":"O","occu":1}],"abc":[0.6125264,0.6125264,0.16242179],"properties":{"magmom":-0.0},"label":"O","xyz":[-4.109730305443031,2.0246469273937455,-0.11886002652913262]},{"species":[{"element":"O","occu":1}],"abc":[0.3874736,0.3874736,0.83757821],"properties":{"magmom":-0.0},"label":"O","xyz":[-5.305452914556968,1.287594242606254,-3.8747425434708673]}]}