{"@module":"pymatgen.core.structure","@class":"Structure","charge":0,"lattice":{"matrix":[[5.023897,-1.521814,0.0],[5.023897,1.521814,0.0],[4.5629159999999995,0.0,2.595236]],"pbc":[true,true,true],"a":5.249329377854375,"b":5.249329377854375,"c":5.249328749349958,"alpha":33.70470241530864,"beta":33.70470241530864,"gamma":33.704700662787495,"volume":39.6834255818945},"properties":{},"sites":[{"species":[{"element":"Mg","occu":1}],"abc":[0.0,0.0,0.0],"properties":{"magmom":0.0},"label":"Mg","xyz":[0.0,0.0,0.0]},{"species":[{"element":"Zn","occu":1}],"abc":[0.5,0.5,0.5],"properties":{"magmom":-0.0},"label":"Zn","xyz":[7.305355,0.0,1.297618]},{"species":[{"element":"O","occu":1}],"abc":[0.252913,0.252913,0.252913],"properties":{"magmom":0.0},"label":"O","xyz":[3.6952384982299997,-2.489691880924738e-17,0.6563689224679999]},{"species":[{"element":"O","occu":1}],"abc":[0.747087,0.747087,0.747087],"properties":{"magmom":0.0},"label":"O","xyz":[10.915471501769998,1.0695272540317546e-16,1.9388670775319998]}]}