{"@module":"pymatgen.core.structure","@class":"Structure","charge":0,"lattice":{"matrix":[[3.760310999999999,0.0,0.0],[0.0,3.760310999999999,0.0],[0.0,0.0,5.308518]],"pbc":[true,true,true],"a":3.760310999999999,"b":3.760310999999999,"c":5.308518,"alpha":90.0,"beta":90.0,"gamma":90.0,"volume":75.06211972746209},"properties":{},"sites":[{"species":[{"element":"Ba","occu":1}],"abc":[0.5,0.5,0.0],"properties":{"magmom":-0.0},"label":"Ba","xyz":[1.8801554999999994,1.8801554999999994,0.0]},{"species":[{"element":"Ca","occu":1}],"abc":[0.0,0.0,0.5],"properties":{"magmom":-0.0},"label":"Ca","xyz":[0.0,0.0,2.654259]},{"species":[{"element":"O","occu":1}],"abc":[0.0,0.0,0.0],"properties":{"magmom":0.0},"label":"O","xyz":[0.0,0.0,0.0]},{"species":[{"element":"O","occu":1}],"abc":[0.5,0.5,0.5],"properties":{"magmom":0.0},"label":"O","xyz":[1.8801554999999994,1.8801554999999994,2.654259]}]}