{"@module":"pymatgen.core.structure","@class":"Structure","charge":0,"lattice":{"matrix":[[0.438899,1.475207999999999,-2.5171580000000002],[0.438899,-1.475207999999999,-2.5171580000000002],[-4.519499,0.0,-2.5171580000000002]],"pbc":[true,true,true],"a":2.9504161354678424,"b":2.9504161354678424,"c":5.173195879527954,"alpha":73.43134931055549,"beta":73.43134931055549,"gamma":59.99999696229957,"volume":36.82435214462401},"properties":{},"sites":[{"species":[{"element":"Li","occu":1}],"abc":[0.0,0.0,0.0],"properties":{"magmom":0.0},"label":"Li","xyz":[0.0,0.0,0.0]},{"species":[{"element":"Ga","occu":1}],"abc":[0.5,0.5,0.5],"properties":{"magmom":-0.0},"label":"Ga","xyz":[-1.8208505,0.0,-3.7757370000000003]},{"species":[{"element":"O","occu":1}],"abc":[0.241477,0.241477,0.275569],"properties":{"magmom":0.0},"label":"O","xyz":[-1.033465792285,-1.667869861421423e-17,-1.909322237634]},{"species":[{"element":"O","occu":1}],"abc":[0.758523,0.758523,0.724430999999999],"properties":{"magmom":0.0},"label":"O","xyz":[-2.6082352077149955,-1.2453109462740085e-17,-5.642151762365998]}]}