{"@module":"pymatgen.core.structure","@class":"Structure","charge":0,"lattice":{"matrix":[[5.714391,-1.8409300000000002,0.0],[5.714391,1.8409300000000002,0.0],[5.121323,0.0,3.132944]],"pbc":[true,true,true],"a":6.003606230073805,"b":6.003606230073805,"c":6.003606197733576,"alpha":35.71339514658627,"beta":35.71339514658627,"gamma":35.71339781796736,"volume":65.91584988195734},"properties":{},"sites":[{"species":[{"element":"Na","occu":1}],"abc":[0.0,0.0,0.0],"properties":{"magmom":0.0},"label":"Na","xyz":[0.0,0.0,0.0]},{"species":[{"element":"La","occu":1}],"abc":[0.5,0.5,0.5],"properties":{"magmom":-0.0},"label":"La","xyz":[8.275052500000001,0.0,1.566472]},{"species":[{"element":"O","occu":1}],"abc":[0.238706,0.238706,0.238706],"properties":{"magmom":0.0},"label":"O","xyz":[3.95060936413,-9.954147213164788e-18,0.747852530464]},{"species":[{"element":"O","occu":1}],"abc":[0.761293999999999,0.761293999999999,0.761293999999999],"properties":{"magmom":0.0},"label":"O","xyz":[12.599495635869983,5.3459624211882156e-17,2.3850914695359973]}]}