{"@module":"pymatgen.core.structure","@class":"Structure","charge":0,"lattice":{"matrix":[[3.11706474,0.0,1.7996377],[1.03902225,2.93879676,1.7996377],[-0.0,-0.0,3.59927642]],"pbc":[true,true,true],"a":3.599276100080759,"b":3.599276244447326,"c":3.59927642,"alpha":60.00000776103018,"beta":60.00000643420613,"gamma":59.99999495076849,"volume":32.97088283451112},"properties":{},"sites":[{"species":[{"element":"Zr","occu":1}],"abc":[0.0,0.0,0.0],"properties":{"magmom":-0.0},"label":"Zr","xyz":[0.0,0.0,0.0]},{"species":[{"element":"O","occu":1}],"abc":[0.25,0.25,0.25],"properties":{"magmom":0.0},"label":"O","xyz":[1.0390217475,0.73469919,1.799637955]},{"species":[{"element":"O","occu":1}],"abc":[0.75,0.75,0.75],"properties":{"magmom":0.0},"label":"O","xyz":[3.1170652425,2.20409757,5.398913865]}]}