{"@module":"pymatgen.core.structure","@class":"Structure","charge":0,"lattice":{"matrix":[[1.498867999999999,2.982985,0.0],[-1.498867999999999,2.982985,0.0],[0.0,2.773536,5.137245]],"pbc":[true,true,true],"a":3.338383559696069,"b":3.338383559696069,"c":5.838132246987987,"alpha":64.8811651266222,"beta":64.8811651266222,"gamma":53.35654235017948,"volume":45.93828005768137},"properties":{},"sites":[{"species":[{"element":"Li","occu":1}],"abc":[0.5,0.5,0.5],"properties":{"magmom":0.0},"label":"Li","xyz":[0.0,4.369753,2.5686225]},{"species":[{"element":"Ag","occu":1}],"abc":[0.5,0.5,0.0],"properties":{"magmom":0.0},"label":"Ag","xyz":[0.0,2.982985,0.0]},{"species":[{"element":"O","occu":1}],"abc":[0.898744,0.898744,0.271623],"properties":{"magmom":-0.0},"label":"O","xyz":[6.568244810978284e-17,6.115235910608,1.395393898635]},{"species":[{"element":"O","occu":1}],"abc":[0.101256,0.101256,0.728376999999999],"properties":{"magmom":-0.0},"label":"O","xyz":[1.0629675177398211e-17,2.6242700893919975,3.741851101364995]}]}