{"@module":"pymatgen.core.structure","@class":"Structure","charge":0,"lattice":{"matrix":[[1.9377,-3.960469,0.0],[1.9377,3.960469,0.0],[0.0,0.0,3.66374]],"pbc":[true,true,true],"a":4.409081082262039,"b":4.409081082262039,"c":3.66374,"alpha":90.0,"beta":90.0,"gamma":127.85866986807855,"volume":56.232552740960124},"properties":{},"sites":[{"species":[{"element":"Ba","occu":1}],"abc":[0.0,0.0,0.0],"properties":{"magmom":0.0},"label":"Ba","xyz":[0.0,0.0,0.0]},{"species":[{"element":"O","occu":1}],"abc":[0.403852999999999,0.596147,0.5],"properties":{"magmom":0.0},"label":"O","xyz":[1.937699999999998,0.7615744258860038,1.83187]},{"species":[{"element":"O","occu":1}],"abc":[0.596147,0.403852999999999,0.5],"properties":{"magmom":0.0},"label":"O","xyz":[1.937699999999998,-0.7615744258860038,1.83187]}]}