{"@module":"pymatgen.core.structure","@class":"Structure","charge":0,"lattice":{"matrix":[[3.815189799999999,-1e-8,-0.0],[-1.90759592,1.10134974,6.14217784],[1.90759592,-3.30405123,0.0]],"pbc":[true,true,true],"a":3.815189799999999,"b":6.525200538066687,"c":3.8151902605853296,"alpha":106.99826528636017,"beta":59.9999861554537,"gamma":106.99827305747353,"volume":77.42572969016874},"properties":{},"sites":[{"species":[{"element":"La","occu":1}],"abc":[0.5,0.5,0.5],"properties":{"magmom":0.0},"label":"La","xyz":[1.9075948999999994,-1.10135075,3.07108892]},{"species":[{"element":"Ag","occu":1}],"abc":[0.0,0.0,0.0],"properties":{"magmom":-0.0},"label":"Ag","xyz":[0.0,0.0,0.0]},{"species":[{"element":"O","occu":1}],"abc":[0.11051397,0.3315439,0.11051397],"properties":{"magmom":-0.0},"label":"O","xyz":[-4.021564379667673e-6,1.9684477632639183e-6,2.036401595567176]},{"species":[{"element":"O","occu":1}],"abc":[0.88948603,0.6684561,0.88948603],"properties":{"magmom":-0.0},"label":"O","xyz":[3.8151938215643786,-2.202703468447763,4.105776244432824]}]}