{"@module":"pymatgen.core.structure","@class":"Structure","charge":0,"lattice":{"matrix":[[7.034863,-1.497331,0.0],[7.034863,1.497331,0.0],[6.716164,0.0,2.573798]],"pbc":[true,true,true],"a":7.192447257528552,"b":7.192447257528552,"c":7.19244708146678,"alpha":24.031560027483525,"beta":24.031560027483525,"gamma":24.031553165374156,"volume":54.222297442507575},"properties":{},"sites":[{"species":[{"element":"Ti","occu":1}],"abc":[0.0,0.0,0.0],"properties":{"magmom":0.0},"label":"Ti","xyz":[0.0,0.0,0.0]},{"species":[{"element":"O","occu":1}],"abc":[0.379533,0.379533,0.379533],"properties":{"magmom":-0.0},"label":"O","xyz":[7.888931189369999,-3.642133612657972e-17,0.9768412763340001]},{"species":[{"element":"O","occu":1}],"abc":[0.620467,0.620467,0.620467],"properties":{"magmom":-0.0},"label":"O","xyz":[12.896958810629998,3.642133612657972e-17,1.596956723666]}]}