{"@module":"pymatgen.core.structure","@class":"Structure","charge":0,"lattice":{"matrix":[[-2.169442,-2.169442,0.0],[-2.169442,0.0,-2.169442],[0.0,-2.169442,-2.169442]],"pbc":[true,true,true],"a":3.0680542991818123,"b":3.0680542991818123,"c":3.0680542991818123,"alpha":60.00000000000001,"beta":60.00000000000001,"gamma":60.00000000000001,"volume":20.420864656411798},"properties":{},"sites":[{"species":[{"element":"Zn","occu":1}],"abc":[0.0,0.0,0.0],"properties":{"magmom":0.0},"label":"Zn","xyz":[0.0,0.0,0.0]},{"species":[{"element":"O","occu":1}],"abc":[0.5,0.5,0.5],"properties":{"magmom":-0.0},"label":"O","xyz":[-2.169442,-2.169442,-2.169442]}]}