{"@module":"pymatgen.core.structure","@class":"Structure","charge":0,"lattice":{"matrix":[[4.946545,-1.49855,0.0],[4.946545,1.49855,0.0],[4.492561,0.0,2.555554]],"pbc":[true,true,true],"a":5.168554879221561,"b":5.168554879221561,"c":5.16855498042122,"alpha":33.70824838587046,"beta":33.70824838587046,"gamma":33.70824599786469,"volume":37.88682921049331},"properties":{},"sites":[{"species":[{"element":"Ti","occu":1}],"abc":[0.0,0.0,0.0],"properties":{"magmom":-0.0},"label":"Ti","xyz":[0.0,0.0,0.0]},{"species":[{"element":"O","occu":1}],"abc":[0.267146,0.267146,0.267146],"properties":{"magmom":0.0},"label":"O","xyz":[3.8430691220460003,-9.607114392906624e-18,0.682706028884]},{"species":[{"element":"O","occu":1}],"abc":[0.732854,0.732854,0.732854],"properties":{"magmom":0.0},"label":"O","xyz":[10.542581877954001,-4.59040368383512e-17,1.872847971116]}]}