{"@module":"pymatgen.core.structure","@class":"Structure","charge":0,"lattice":{"matrix":[[3.55329251,4.309999999999998e-6,0.0],[-1.77664181,3.07723394,-0.0],[-0.0,0.0,6.21730398]],"pbc":[true,true,true],"a":3.553292510002614,"b":3.553283670427679,"c":6.21730398,"alpha":90.0,"beta":90.0,"gamma":119.99993003307571,"volume":67.98199105468234},"properties":{},"sites":[{"species":[{"element":"Sr","occu":1}],"abc":[0.33332572,0.66669022,0.25],"properties":{"magmom":0.0},"label":"Sr","xyz":[-0.00006593490374120357,2.05156320908392,1.554325995]},{"species":[{"element":"Sr","occu":1}],"abc":[0.6666742800000001,0.3333655,0.75],"properties":{"magmom":0.0},"label":"Sr","xyz":[1.7766176404220881,1.0258465043912168,4.6629779849999995]},{"species":[{"element":"O","occu":1}],"abc":[-0.0,0.000021640000000000003,-0.0],"properties":{"magmom":-0.0},"label":"O","xyz":[-0.00003844652876840001,0.00006659134246160001,0.0]},{"species":[{"element":"O","occu":1}],"abc":[-0.0,0.000021640000000000003,0.5],"properties":{"magmom":-0.0},"label":"O","xyz":[-0.00003844652876840001,0.00006659134246160001,3.10865199]}]}