{"@module":"pymatgen.core.structure","@class":"Structure","charge":0,"lattice":{"matrix":[[6.579169,-1.756231,0.0],[6.579169,1.756231,0.0],[6.110364,0.0,3.005539]],"pbc":[true,true,true],"a":6.809538314447023,"b":6.809538314447023,"c":6.809538375911909,"alpha":29.891874336409092,"beta":29.891874336409092,"gamma":29.891873442472505,"volume":69.45524451246949},"properties":{},"sites":[{"species":[{"element":"Y","occu":1}],"abc":[0.5,0.5,0.5],"properties":{"magmom":-0.0},"label":"Y","xyz":[9.634351,0.0,1.5027695]},{"species":[{"element":"Tl","occu":1}],"abc":[0.0,0.0,0.0],"properties":{"magmom":0.0},"label":"Tl","xyz":[0.0,0.0,0.0]},{"species":[{"element":"O","occu":1}],"abc":[0.224317,0.224317,0.224317],"properties":{"magmom":0.0},"label":"O","xyz":[4.322297426534,2.1377864101168487e-19,0.674193491863]},{"species":[{"element":"O","occu":1}],"abc":[0.775683,0.775683,0.775683],"properties":{"magmom":0.0},"label":"O","xyz":[14.946404573466001,-2.1377864101168487e-19,2.3313455081370003]}]}