{"@module":"pymatgen.core.structure","@class":"Structure","charge":0,"lattice":{"matrix":[[3.219942999999999,-0.145211999999999,4.372984],[1.331339,2.935415,4.372984],[-0.236864,-0.145211999999999,5.425396]],"pbc":[true,true,true],"a":5.432504810163447,"b":5.432505298607816,"c":5.432505208120467,"alpha":38.850612129830154,"beta":38.850600441611896,"gamma":38.850603399549186,"volume":56.719207487098934},"properties":{},"sites":[{"species":[{"element":"Y","occu":1}],"abc":[0.495930999999999,0.495930999999999,0.495930999999999],"properties":{"magmom":0.0},"label":"Y","xyz":[2.1396536331579954,1.3117330316209983,7.028018719883986]},{"species":[{"element":"Cu","occu":1}],"abc":[0.016357,0.016357,0.016357],"properties":{"magmom":-0.0},"label":"Cu","xyz":[0.07057093522599997,0.043264117787000025,0.231801000948]},{"species":[{"element":"O","occu":1}],"abc":[0.881240999999999,0.881240999999999,0.881240999999999],"properties":{"magmom":-0.0},"label":"O","xyz":[3.802042032737995,2.330874513830999,12.488386982723986]}]}