{"@module":"pymatgen.core.structure","@class":"Structure","charge":0,"lattice":{"matrix":[[4.27538696,-0.00009122000000000002,0.0],[-2.13777261,3.70273118,0.0],[0.0,0.0,5.15559499]],"pbc":[true,true,true],"a":4.275386960973138,"b":4.275545570264736,"c":5.15559499,"alpha":90.0,"beta":90.0,"gamma":120.00121975737422,"volume":81.61520102382464},"properties":{},"sites":[{"species":[{"element":"Sr","occu":1}],"abc":[0.33334131,0.66672118,0.9381277],"properties":{"magmom":0.0},"label":"Sr","xyz":[-0.00013518710756232956,2.4686588941580943,4.836606470100223]},{"species":[{"element":"Sr","occu":1}],"abc":[0.66665869,0.33337882,0.438127699999999],"properties":{"magmom":0.0},"label":"Sr","xyz":[2.137535759846562,1.234351338959906,2.258808975100218]},{"species":[{"element":"O","occu":1}],"abc":[0.3333405,0.66671983,0.4368723],"properties":{"magmom":-0.0},"label":"O","xyz":[-0.00013576417797637577,2.468653895544889,2.252336641149777]},{"species":[{"element":"O","occu":1}],"abc":[0.6666595,0.33338017000000003,0.9368723],"properties":{"magmom":-0.0},"label":"O","xyz":[2.137536336916976,1.2343563375731106,4.830134136149777]}]}