{"@module":"pymatgen.core.structure","@class":"Structure","charge":0.0,"lattice":{"matrix":[[1.787216,3.09764466,0.11762953],[-1.787216,3.09764466,0.11762953],[0.0,1.77733871,6.36477576]],"pbc":[true,true,true],"a":3.5781811268590826,"b":3.5781811268590826,"c":6.6082753699545576,"alpha":74.6627890719745,"beta":74.6627890719745,"gamma":59.930691895460576,"volume":69.72553757563249},"properties":{},"sites":[{"species":[{"element":"Cd","occu":1}],"abc":[0.0,-0.0,-0.0],"properties":{"magmom":-0.0},"label":"Cd","xyz":[0.0,0.0,0.0]},{"species":[{"element":"Hg","occu":1}],"abc":[0.5,0.5,0.5],"properties":{"magmom":0.0},"label":"Hg","xyz":[0.0,3.9863140149999996,3.3000174099999997]},{"species":[{"element":"O","occu":1}],"abc":[0.39198012,0.39198012,0.81975877],"properties":{"magmom":-0.0},"label":"O","xyz":[-3.9715392135803996e-17,3.885419245871305,5.309797622913302]},{"species":[{"element":"O","occu":1}],"abc":[0.6080198800000001,0.6080198800000001,0.18024123],"properties":{"magmom":-0.0},"label":"O","xyz":[-5.949502552311969e-17,4.087208784128695,1.2902371970866975]}]}