{"@module":"pymatgen.core.structure","@class":"Structure","charge":0,"lattice":{"matrix":[[6.47120873,-1.92402608,0.00788768],[6.47120873,1.92402608,0.00788768],[5.8951544,-0.0,3.290232999999999]],"pbc":[true,true,true],"a":6.75118367393779,"b":6.75118367393779,"c":6.751183495812297,"alpha":33.11661307975223,"beta":33.11661307975223,"gamma":33.11661226067744,"volume":81.75296645746756},"properties":{},"sites":[{"species":[{"element":"Sr","occu":1}],"abc":[0.5,0.5,0.5],"properties":{"magmom":0.0},"label":"Sr","xyz":[9.41878593,0.0,1.6530041799999995]},{"species":[{"element":"Hg","occu":1}],"abc":[-0.0,-0.0,0.0],"properties":{"magmom":0.0},"label":"Hg","xyz":[0.0,0.0,0.0]},{"species":[{"element":"O","occu":1}],"abc":[0.89632057,0.89632057,0.89632057],"properties":{"magmom":-0.0},"label":"O","xyz":[16.88450314697116,8.046392600592753e-17,2.963243297659964]},{"species":[{"element":"O","occu":1}],"abc":[0.10367943,0.10367943,0.10367943],"properties":{"magmom":-0.0},"label":"O","xyz":[1.9530687130288398,3.8571507816470784e-18,0.3427650623400347]}]}