{"@module":"pymatgen.core.structure","@class":"Structure","charge":0.0,"lattice":{"matrix":[[4.134699524905895,0.0,0.0],[0.0,3.00549712556996,0.066872343016766],[0.0,1.283458872161581,3.911774870783662]],"pbc":[true,true,true],"a":4.134699524905895,"b":3.006240988688339,"c":4.116946601089794,"alpha":70.56064203355507,"beta":90.0,"gamma":90.0,"volume":48.25607909817761},"properties":{},"sites":[{"species":[{"element":"O","occu":1}],"abc":[0.32114466243670803,0.32152842442035,0.34270566615012404],"properties":{"magmom":-0.0},"label":"O","xyz":[1.3278366832031208,1.4062013831448215,1.3620887720087083]},{"species":[{"element":"O","occu":1}],"abc":[0.32114466243670803,0.178471575579656,0.657294333849876],"properties":{"magmom":-0.0},"label":"O","xyz":[1.3278366832031208,1.3800060518017576,2.5831222702833374]},{"species":[{"element":"O","occu":1}],"abc":[0.6788553375632911,0.6784715755796561,0.657294333849876],"properties":{"magmom":-0.0},"label":"O","xyz":[2.806862841702771,2.8827546145867378,2.6165584417917205]},{"species":[{"element":"O","occu":1}],"abc":[0.6788553375632911,0.821528424420343,0.34270566615012404],"properties":{"magmom":-0.0},"label":"O","xyz":[2.806862841702771,2.9089499459297805,1.3955249435170907]}]}