{"@module":"pymatgen.core.structure","@class":"Structure","charge":0,"lattice":{"matrix":[[1.723215999999999,-2.984696999999999,0.0],[1.723215999999999,2.984696999999999,0.0],[0.0,0.0,5.705266]],"pbc":[true,true,true],"a":3.446431424599217,"b":3.446431424599217,"c":5.705266,"alpha":90.0,"beta":90.0,"gamma":119.99998895431082,"volume":58.68753393124505},"properties":{},"sites":[{"species":[{"element":"Zn","occu":1}],"abc":[0.0,0.0,0.996937],"properties":{"magmom":0.0},"label":"Zn","xyz":[0.0,0.0,5.687790770242]},{"species":[{"element":"Cd","occu":1}],"abc":[0.666667,0.333333,0.490440999999999],"properties":{"magmom":0.0},"label":"Cd","xyz":[1.723215999999999,-0.9949009897979996,2.7980963623059942]},{"species":[{"element":"O","occu":1}],"abc":[0.666667,0.333333,0.097991],"properties":{"magmom":-0.0},"label":"O","xyz":[1.723215999999999,-0.9949009897979996,0.559064720606]},{"species":[{"element":"O","occu":1}],"abc":[0.0,0.0,0.650632],"properties":{"magmom":-0.0},"label":"O","xyz":[0.0,0.0,3.712028628112]}]}