{"@module":"pymatgen.core.structure","@class":"Structure","charge":0,"lattice":{"matrix":[[6.27420327,-1.49575969,0.00434056],[6.27420327,1.49575969,0.00434056],[5.91584143,0.0,2.5701680700000002]],"pbc":[true,true,true],"a":6.450034307193157,"b":6.450034307193157,"c":6.450034397811533,"alpha":26.81786161679923,"beta":26.81786161679923,"gamma":26.81785743009971,"volume":48.16369788304777},"properties":{},"sites":[{"species":[{"element":"Ga","occu":1}],"abc":[0.5,0.5,0.5],"properties":{"magmom":-0.0},"label":"Ga","xyz":[9.232123985000001,0.0,1.289424595]},{"species":[{"element":"Ag","occu":1}],"abc":[0.0,0.0,-0.0],"properties":{"magmom":0.0},"label":"Ag","xyz":[0.0,0.0,0.0]},{"species":[{"element":"O","occu":1}],"abc":[0.88730548,0.88730548,0.88730548],"properties":{"magmom":0.0},"label":"O","xyz":[16.383428407859878,-8.927024255238507e-17,2.2882270183805615]},{"species":[{"element":"O","occu":1}],"abc":[0.11269452,0.11269452,0.11269452],"properties":{"magmom":0.0},"label":"O","xyz":[2.0808195621401246,1.3001255731824913e-17,0.2906221716194388]}]}