{"@module":"pymatgen.core.structure","@class":"Structure","charge":0,"lattice":{"matrix":[[1.784066,-3.090092,0.0],[1.784066,3.090092,0.0],[0.0,0.0,5.481171]],"pbc":[true,true,true],"a":3.5681311720310953,"b":3.5681311720310953,"c":5.481171,"alpha":90.0,"beta":90.0,"gamma":119.99998464799044,"volume":60.43460296937859},"properties":{},"sites":[{"species":[{"element":"Ca","occu":1}],"abc":[0.333333,0.666667,0.506053],"properties":{"magmom":0.0},"label":"Ca","xyz":[1.784066,1.0300327267279998,2.7737630280629997]},{"species":[{"element":"Zn","occu":1}],"abc":[0.666667,0.333333,0.9915759999999991],"properties":{"magmom":0.0},"label":"Zn","xyz":[1.784066,-1.030032726728,5.434997615495995]},{"species":[{"element":"O","occu":1}],"abc":[0.333333,0.666667,0.08434799999999901],"properties":{"magmom":-0.0},"label":"O","xyz":[1.784066,1.0300327267279998,0.46232581150799457]},{"species":[{"element":"O","occu":1}],"abc":[0.666667,0.333333,0.632023],"properties":{"magmom":-0.0},"label":"O","xyz":[1.784066,-1.030032726728,3.464226138933]}]}