{"@module":"pymatgen.core.structure","@class":"Structure","charge":0,"lattice":{"matrix":[[4.890537,-1.6170930000000001,0.0],[4.890537,1.6170930000000001,0.0],[4.355833,0.0,2.749375]],"pbc":[true,true,true],"a":5.150955437490991,"b":5.150955437490991,"c":5.150955640899463,"alpha":36.593719658962826,"beta":36.593719658962826,"gamma":36.59371688193642,"volume":43.48660675273933},"properties":{},"sites":[{"species":[{"element":"Sn","occu":1}],"abc":[0.5,0.5,0.5],"properties":{"magmom":-0.0},"label":"Sn","xyz":[7.0684535,0.0,1.3746875]},{"species":[{"element":"O","occu":1}],"abc":[0.76283,0.76283,0.76283],"properties":{"magmom":-0.0},"label":"O","xyz":[10.78405676681,5.956853183164412e-17,2.09730573125]},{"species":[{"element":"O","occu":1}],"abc":[0.23717000000000002,0.23717000000000002,0.23717000000000002],"properties":{"magmom":-0.0},"label":"O","xyz":[3.35285023319,-1.4685184792639914e-17,0.65206926875]}]}