{"@module":"pymatgen.core.structure","@class":"Structure","charge":0,"lattice":{"matrix":[[1.6065973,0.92756908,6.20136178],[-1.6065973,0.92756908,6.20136178],[0.0,-1.8551402,6.20136178]],"pbc":[true,true,true],"a":6.47289944375657,"b":6.47289944375657,"c":6.472899897889725,"alpha":28.742486235310174,"beta":28.742486235310174,"gamma":28.742478330310284,"volume":55.44877207878369},"properties":{},"sites":[{"species":[{"element":"Sc","occu":1}],"abc":[0.500001,0.500001,0.5],"properties":{"magmom":-0.0},"label":"Sc","xyz":[3.941163468041964e-17,8.351381601823249e-7,9.30205507272356]},{"species":[{"element":"Ag","occu":1}],"abc":[-0.0,-0.0,0.0],"properties":{"magmom":0.0},"label":"Ag","xyz":[0.0,0.0,0.0]},{"species":[{"element":"O","occu":1}],"abc":[0.11138028,0.11138028,0.11138028],"properties":{"magmom":0.0},"label":"O","xyz":[1.1559604477412222e-17,-2.272157711880541e-7,2.0721282343130953]},{"species":[{"element":"O","occu":1}],"abc":[0.88861972,0.88861972,0.88861872],"properties":{"magmom":0.0},"label":"O","xyz":[7.170712236947452e-17,4.2355971315965014e-8,16.531950904325125]}]}