{"@module":"pymatgen.core.structure","@class":"Structure","charge":0,"lattice":{"matrix":[[2.956547999999999,0.0,0.0],[0.0,2.96942,2.96942],[0.0,-2.96942,2.96942]],"pbc":[true,true,true],"a":2.956547999999999,"b":4.199394036381916,"c":4.199394036381916,"alpha":90.0,"beta":90.0,"gamma":90.0,"volume":52.13845869722627},"properties":{},"sites":[{"species":[{"element":"Sr","occu":1}],"abc":[0.0,0.5,0.5],"properties":{"magmom":-0.0},"label":"Sr","xyz":[0.0,0.0,2.96942]},{"species":[{"element":"Mg","occu":1}],"abc":[0.0,0.0,0.0],"properties":{"magmom":0.0},"label":"Mg","xyz":[0.0,0.0,0.0]},{"species":[{"element":"O","occu":1}],"abc":[0.5,0.5,0.0],"properties":{"magmom":-0.0},"label":"O","xyz":[1.4782739999999994,1.48471,1.48471]},{"species":[{"element":"O","occu":1}],"abc":[0.5,0.0,0.5],"properties":{"magmom":-0.0},"label":"O","xyz":[1.4782739999999994,-1.48471,1.48471]}]}