{"@module":"pymatgen.core.structure","@class":"Structure","charge":0.0,"lattice":{"matrix":[[4.363793785531137,0.0,0.0],[-2.181896892765568,3.779156731099452,0.0],[0.0,0.0,6.371414537494727]],"pbc":[true,true,true],"a":4.363793785531137,"b":4.363794180397872,"c":6.371414537494727,"alpha":90.0,"beta":90.0,"gamma":119.99999700671349,"volume":105.07393217911927},"properties":{},"sites":[{"species":[{"element":"Ba","occu":1}],"abc":[0.0,0.0,0.9857939504133881],"properties":{"magmom":-0.0},"label":"Ba","xyz":[0.0,0.0,6.280901906638217]},{"species":[{"element":"Ga","occu":1}],"abc":[0.33333300000000304,0.666666999999996,0.5809052951753271],"properties":{"magmom":0.0},"label":"Ga","xyz":[-2.1818968704145893e-6,2.519439080451863,3.7011884425877444]},{"species":[{"element":"Sb","occu":1}],"abc":[0.666666999999996,0.333331999999998,0.429246359458524],"properties":{"magmom":0.0},"label":"Sb","xyz":[2.181901256559341,1.2597138714908351,2.734906494820727]},{"species":[{"element":"O","occu":1}],"abc":[0.33333300000000304,0.666666999999996,0.8745543949527671],"properties":{"magmom":-0.0},"label":"O","xyz":[-2.1818968704145893e-6,2.519439080451863,5.5721485858319655]}]}