{"@module":"pymatgen.core.structure","@class":"Structure","charge":0,"lattice":{"matrix":[[6.18605,-1.448973,0.0],[6.18605,1.448973,0.0],[5.846653,0.0,2.48664]],"pbc":[true,true,true],"a":6.353482301638134,"b":6.353482301638134,"c":6.353481706277984,"alpha":26.36572726059722,"beta":26.36572726059722,"gamma":26.365725125650723,"volume":44.577594566169914},"properties":{},"sites":[{"species":[{"element":"Al","occu":1}],"abc":[0.001986,0.001986,0.001986],"properties":{"magmom":-0.0},"label":"Al","xyz":[0.036182443458,2.2438373270539097e-20,0.00493846704]},{"species":[{"element":"Ag","occu":1}],"abc":[0.839137999999999,0.839137999999999,0.839137999999999],"properties":{"magmom":-0.0},"label":"Ag","xyz":[15.288047954913981,7.703131556979764e-17,2.0866341163199977]},{"species":[{"element":"O","occu":1}],"abc":[0.719781999999999,0.719781999999999,0.719781999999999],"properties":{"magmom":0.0},"label":"O","xyz":[13.113530471845984,5.637156797888559e-17,1.7898387124799975]},{"species":[{"element":"O","occu":1}],"abc":[0.280094,0.280094,0.280094],"properties":{"magmom":0.0},"label":"O","xyz":[5.102963402782,-2.5670431814006633e-17,0.69649294416]}]}