{"@module":"pymatgen.core.structure","@class":"Structure","charge":0,"lattice":{"matrix":[[3.9995143300000002,0.0,0.0],[0.0,3.9995143300000002,0.0],[0.0,0.0,5.25981635]],"pbc":[true,true,true],"a":3.9995143300000002,"b":3.9995143300000002,"c":5.25981635,"alpha":90.0,"beta":90.0,"gamma":90.0,"volume":84.1366265606074},"properties":{},"sites":[{"species":[{"element":"Pb","occu":1}],"abc":[0.5,0.0,0.22597479],"properties":{"magmom":-0.0},"label":"Pb","xyz":[1.9997571650000001,0.0,1.1885858951298167]},{"species":[{"element":"Pb","occu":1}],"abc":[0.0,0.5,0.77402521],"properties":{"magmom":-0.0},"label":"Pb","xyz":[0.0,1.9997571650000001,4.071230454870184]},{"species":[{"element":"O","occu":1}],"abc":[0.5,0.5,0.0],"properties":{"magmom":0.0},"label":"O","xyz":[1.9997571650000001,1.9997571650000001,0.0]},{"species":[{"element":"O","occu":1}],"abc":[-0.0,-0.0,-0.0],"properties":{"magmom":0.0},"label":"O","xyz":[0.0,0.0,0.0]}]}