{"@module":"pymatgen.core.structure","@class":"Structure","charge":0,"lattice":{"matrix":[[0.0,1.824622,1.824622],[1.824622,0.0,1.824622],[1.824622,1.824622,0.0]],"pbc":[true,true,true],"a":2.5804051786043214,"b":2.5804051786043214,"c":2.5804051786043214,"alpha":59.99999999999999,"beta":59.99999999999999,"gamma":59.99999999999999,"volume":12.149228956971779},"properties":{},"sites":[{"species":[{"element":"Be","occu":1}],"abc":[0.0,0.0,0.0],"properties":{"magmom":-0.0},"label":"Be","xyz":[0.0,0.0,0.0]},{"species":[{"element":"O","occu":1}],"abc":[0.5,0.5,0.5],"properties":{"magmom":0.0},"label":"O","xyz":[1.824622,1.824622,1.824622]}]}