{"@module":"pymatgen.core.structure","@class":"Structure","charge":0,"lattice":{"matrix":[[2.159109,2.98978,0.0],[-2.159109,2.98978,0.0],[0.0,2.770639,3.77195]],"pbc":[true,true,true],"a":3.6878904704832274,"b":3.6878904704832274,"c":4.68017598716341,"alpha":61.319091807188116,"beta":61.319091807188116,"gamma":71.67085852027625,"volume":48.69784274892428},"properties":{},"sites":[{"species":[{"element":"Hg","occu":1}],"abc":[0.0,0.0,0.0],"properties":{"magmom":0.0},"label":"Hg","xyz":[0.0,0.0,0.0]},{"species":[{"element":"O","occu":1}],"abc":[0.444802,0.444802,0.689193],"properties":{"magmom":-0.0},"label":"O","xyz":[2.5224958417169317e-17,4.569225251447,2.59960153635]},{"species":[{"element":"O","occu":1}],"abc":[0.555198,0.555198,0.310807],"properties":{"magmom":-0.0},"label":"O","xyz":[-1.639263465591512e-17,4.180973748553,1.17234846365]}]}