{"@module":"pymatgen.core.structure","@class":"Structure","charge":0,"lattice":{"matrix":[[3.18561893,0.00045761,5.77773391],[1.487622899999999,2.81693925,5.77773391],[0.00076261,0.00045761,6.5977545]],"pbc":[true,true,true],"a":6.597755475261655,"b":6.597755509683491,"c":6.5977545599431915,"alpha":28.86403642308969,"beta":28.864019361354355,"gamma":28.86403877807073,"volume":59.18484585884577},"properties":{},"sites":[{"species":[{"element":"In","occu":1}],"abc":[0.5,0.5,0.5],"properties":{"magmom":-0.0},"label":"In","xyz":[2.337002219999999,1.4089272350000002,9.07661116]},{"species":[{"element":"Ag","occu":1}],"abc":[0.0,-0.0,-0.0],"properties":{"magmom":-0.0},"label":"Ag","xyz":[0.0,0.0,0.0]},{"species":[{"element":"O","occu":1}],"abc":[0.89017746,0.89017746,0.89017746],"properties":{"magmom":0.0},"label":"O","xyz":[4.160693400427921,2.508390534754246,16.159589335632905]},{"species":[{"element":"O","occu":1}],"abc":[0.10982254,0.10982254,0.10982254],"properties":{"magmom":0.0},"label":"O","xyz":[0.5133110395720775,0.3094639352457538,1.9936329843670928]}]}