{"@module":"pymatgen.core.structure","@class":"Structure","charge":0,"lattice":{"matrix":[[2.525039,2.461086,0.0],[-2.525039,2.461086,0.0],[0.0,1.936335,3.844317]],"pbc":[true,true,true],"a":3.52601279789467,"b":3.52601279789467,"c":4.304435669017949,"alpha":71.70052505349757,"beta":71.70052505349757,"gamma":91.4696928259924,"volume":47.77977145191346},"properties":{},"sites":[{"species":[{"element":"Hg","occu":1}],"abc":[0.0,0.0,0.0],"properties":{"magmom":0.0},"label":"Hg","xyz":[0.0,0.0,0.0]},{"species":[{"element":"O","occu":1}],"abc":[0.475558999999999,0.475558999999999,0.682549],"properties":{"magmom":-0.0},"label":"O","xyz":[5.718435354040711e-17,3.6624267120629947,2.623934724033]},{"species":[{"element":"O","occu":1}],"abc":[0.524440999999999,0.524440999999999,0.317451],"properties":{"magmom":-0.0},"label":"O","xyz":[-3.629189910725469e-17,3.1960802879369954,1.220382275967]}]}