{"@module":"pymatgen.core.structure","@class":"Structure","charge":0,"lattice":{"matrix":[[2.932155,0.0,0.0],[1.222766,3.713994999999999,0.0],[1.429225999999999,0.839984,4.16862]],"pbc":[true,true,true],"a":2.932155,"b":3.910104288990383,"c":4.486162367071882,"alpha":73.89038410851045,"beta":71.42260031032673,"gamma":71.77680095805039,"volume":45.3963093560355},"properties":{},"sites":[{"species":[{"element":"Cu","occu":1}],"abc":[0.5,0.5,0.5],"properties":{"magmom":-0.0},"label":"Cu","xyz":[2.7920734999999994,2.2769894999999996,2.08431]},{"species":[{"element":"Ag","occu":1}],"abc":[0.0,0.0,0.0],"properties":{"magmom":0.0},"label":"Ag","xyz":[0.0,0.0,0.0]},{"species":[{"element":"O","occu":1}],"abc":[0.169186,0.337071,0.283551999999999],"properties":{"magmom":0.0},"label":"O","xyz":[1.3134984249679984,1.4900591518129989,1.182020538239996]},{"species":[{"element":"O","occu":1}],"abc":[0.830813999999999,0.662929,0.716448],"properties":{"magmom":0.0},"label":"O","xyz":[4.270648575031996,3.063919848186999,2.9865994617599996]}]}