{"@module":"pymatgen.core.structure","@class":"Structure","charge":0,"lattice":{"matrix":[[0.0,2.42,2.42],[2.42,0.0,2.42],[2.42,2.42,0.0]],"pbc":[true,true,true],"a":3.42239682094289,"b":3.42239682094289,"c":3.42239682094289,"alpha":60.00000000000001,"beta":60.00000000000001,"gamma":60.00000000000001,"volume":28.344976},"properties":{},"sites":[{"species":[{"element":"Ti","occu":1}],"abc":[0.0,0.0,0.0],"properties":{"magmom":-0.0},"label":"Ti","xyz":[0.0,0.0,0.0]},{"species":[{"element":"O","occu":1}],"abc":[0.75,0.75,0.75],"properties":{"magmom":0.0},"label":"O","xyz":[3.63,3.63,3.63]},{"species":[{"element":"O","occu":1}],"abc":[0.25,0.25,0.25],"properties":{"magmom":0.0},"label":"O","xyz":[1.21,1.21,1.21]}]}