{"@module":"pymatgen.core.structure","@class":"Structure","charge":0,"lattice":{"matrix":[[3.614735,-1.604760999999999,0.0],[3.614735,1.604760999999999,0.0],[2.902301,0.0,2.686673]],"pbc":[true,true,true],"a":3.9549420965857385,"b":3.9549420965857385,"c":3.9549415802929375,"alpha":47.87764431159442,"beta":47.87764431159442,"gamma":47.877639973862365,"volume":31.169628924539587},"properties":{},"sites":[{"species":[{"element":"Mg","occu":1}],"abc":[0.0,0.0,0.0],"properties":{"magmom":0.0},"label":"Mg","xyz":[0.0,0.0,0.0]},{"species":[{"element":"O","occu":1}],"abc":[0.571214,0.571214,0.571214],"properties":{"magmom":-0.0},"label":"O","xyz":[5.787409439994001,2.184017242967684e-17,1.534665231022]},{"species":[{"element":"O","occu":1}],"abc":[0.428786,0.428786,0.428786],"properties":{"magmom":-0.0},"label":"O","xyz":[4.344361560006,-2.184017242967684e-17,1.152007768978]}]}