{"@module":"pymatgen.core.structure","@class":"Structure","charge":0,"lattice":{"matrix":[[-2.37339942,-2.37339939,1e-8],[1e-8,2.37339939,-2.37339942],[2.39671326,-4.77011355,-2.39671326]],"pbc":[true,true,true],"a":3.3564936274792343,"b":3.3564936274792343,"c":5.8517050661506556,"alpha":106.66625242856041,"beta":73.3337475714396,"gamma":119.99999986062298,"volume":53.871658000605954},"properties":{},"sites":[{"species":[{"element":"Sr","occu":1}],"abc":[0.5,0.5,0.5],"properties":{"magmom":0.0},"label":"Sr","xyz":[0.011656924999999818,-2.385056775,-2.385056335]},{"species":[{"element":"Mg","occu":1}],"abc":[0.0,0.0,-0.0],"properties":{"magmom":-0.0},"label":"Mg","xyz":[0.0,0.0,0.0]},{"species":[{"element":"O","occu":1}],"abc":[0.26230443000000003,0.73769557,0.2130867],"properties":{"magmom":-0.0},"label":"O","xyz":[-0.1118454552288331,0.11184528669261955,-2.261553954771167]},{"species":[{"element":"O","occu":1}],"abc":[0.73769557,0.26230443000000003,0.786913299999999],"properties":{"magmom":-0.0},"label":"O","xyz":[0.1351593052288303,-4.881958836692615,-2.5085587152288307]}]}